[
  {
  "output": 
  [
  {
  "frage": 
  "Elektromobilität Deutschland Zukunft: Welche disruptiven Innovationen, systemischen Wechselwirkungen und unkonventionellen Pfade in Infrastruktur, Politik, Wirtschaft, Technologie und Nutzerakzeptanz werden Deutschlands elektromobile Transformation in den kommenden Dekaden prägen und nachhaltig gestalten?",
  "thema": 
  "Zukunft der Elektromobilität in Deutschland",
  "url": 
  "https://www.infineon.com/cms/en/careers/jobsearch/jobsearch/#!view=jobs&term=e-mobility",
  "zusammenfassung": 
  "Die Bundesregierung plant den Ausbau der Ladeinfrastruktur auf eine Million öffentlich zugängliche Ladepunkte bis 2030. Trotz Herausforderungen wird an der Elektrifizierung der Mobilität festgehalten. Die zunehmende Vernetzung und Digitalisierung sowie neue Ladepunkte sollen die Elektromobilität voranbringen. Infineon sucht aktiv Mitarbeiter, um diese Entwicklung mitzugestalten.",
  "analysen": 
  "Die Transformation der Elektromobilität in Deutschland wird durch den Ausbau der Ladeinfrastruktur, die Vernetzung von Systemen und die Digitalisierung vorangetrieben. Disruptive Innovationen könnten in den Bereichen Batterietechnologie, Schnellladetechnik und Vehicle-to-Grid-Technologien entstehen. Systemische Wechselwirkungen ergeben sich zwischen Energieversorgung, Netzausbau, Mobilitätsverhalten und politischer Regulierung. Unkonventionelle Pfade könnten neue Geschäftsmodelle (z.B. im Bereich des bidirektionalen Ladens) und eine stärkere Integration erneuerbarer Energien in die Ladeinfrastruktur umfassen. Die Nutzerakzeptanz wird entscheidend von der Verfügbarkeit, Zuverlässigkeit und Benutzerfreundlichkeit der Ladeinfrastruktur sowie von den Kosten der Elektromobilität abhängen. Die aktive Suche nach Fachkräften durch Unternehmen wie Infineon deutet auf einen wachsenden Bedarf an Expertise in diesem Bereich hin.",
  "ranking": 
  "hoch",
  "begründung": 
  "Diese Quelle adressiert die wesentlichen disruptiven Faktoren und Wechselwirkungen, die die Elektromobilität in Deutschland prägen werden und bietet eine umfassende Analyse der verschiedenen Einflussfaktoren."
  },
  {
  "frage": 
  "Elektromobilität Deutschland: Welche disruptiven Innovationen, regulatorischen Pfade und sozioökonomischen Kräfte formen die Zukunft des elektrischen Fahrens bis 2050, und wie orchestrieren sich Batterieentwicklung, Ladeinfrastruktur, Energieversorgung, Industriekooperationen und sich wandelnde Mobilitätsbedürfnisse zu einem nachhaltigen Ökosystem?",
  "thema": 
  "Zukunft der Elektromobilität in Deutschland",
  "url": 
  "https://www.infineon.com/cms/de/discoveries/electromobility/",
  "zusammenfassung": 
  "Die Elektromobilität in Deutschland wird durch den Ausbau der Ladeinfrastruktur, insbesondere durch das Ziel der Bundesregierung, bis 2030 eine Million öffentlich zugängliche Ladepunkte zu schaffen, sowie durch die zunehmende Vernetzung und Digitalisierung vorangetrieben. Technologische Fortschritte, wie effizientere Batterien und optimierte Klimaanlagen, tragen ebenfalls zur Steigerung der Attraktivität von Elektrofahrzeugen bei. Die Elektromobilität wird als ein Schlüsselelement gesehen, um Mobilität CO2-neutral zu gestalten, vorausgesetzt, der benötigte Strom stammt aus erneuerbaren Energien.",
  "analysen": 
  "Die Transformation zur Elektromobilität erfordert ein Zusammenspiel verschiedener Faktoren. Disruptive Innovationen in der Batterietechnologie (z.B. höhere Energiedichte, schnellere Ladezeiten, nachhaltigere Materialien) sind entscheidend, um die Reichweitenangst zu minimieren und die Akzeptanz zu erhöhen. Regulatorische Pfade, wie Förderprogramme für E-Fahrzeuge und Ladeinfrastruktur, sowie Anreize für erneuerbare Energien, sind notwendig, um den Umstieg zu beschleunigen. Sozioökonomische Kräfte, wie das steigende Umweltbewusstsein und die Urbanisierung, treiben die Nachfrage nach emissionsarmen Mobilitätslösungen an. Ein nachhaltiges Ökosystem entsteht durch die Orchestrierung dieser Elemente, wobei Industriekooperationen (z.B. zwischen Automobilherstellern, Energieversorgern und Technologieunternehmen) eine wichtige Rolle spielen, um Synergien zu nutzen und Standards zu setzen. Lastmanagement und die Integration von Photovoltaik-Anlagen können die Energieversorgung optimieren und die Kosten senken. Sich wandelnde Mobilitätsbedürfnisse, wie Carsharing und autonomes Fahren, könnten die Nutzung von Elektrofahrzeugen weiter diversifizieren und die Notwendigkeit eines flächendeckenden Ladenetzes erhöhen.",
  "ranking": 
  "hoch",
  "begründung": 
  "Diese Quelle betrachtet die Orchestrierung verschiedener Faktoren wie Batterieentwicklung, Ladeinfrastruktur und Energieversorgung und analysiert, wie diese zu einem nachhaltigen Ökosystem der Elektromobilität beitragen können."
  }
  ]
  }
  ]